	Braeburn/HG139	Coop-15	Cox's Orange Pippin/HG141	CrimsonCrisp	CrippsPink	Delicious	Dolgo	DuchOlden	F2_26829-2-2	Frostbite	Fuji	Geneva/HG129	GoldenDel	Granny Smith/HG140	Haralson	Honeycrisp	Idared/HG144	JamesGrieve/HG145	Jonathan	McIntosh	RallsJanet/HG147	RedDougherty/HG146	RomBeauty	Splendour/HG143	Zestar
MD_RosBREED_SNP_TC_8087130_Lg2	GG	GG	GG	AG	AA	GG	GG	AA	AA	GG	AG	AG	AA	AA	GG	AG	GG	GG	GG	AG	AG	GG	AA	AG	AG
MD_RosBREED_SNP_GA_17763049_Lg16	AG	AA	AG	AA	AA	AG	AG	AG	AG	AG	GG	GG	AG	AA	AG	GG	AA	AA	AG	GG	GG	AG	AG	AG	AG
MD_RosBREED_SNP_AT_30157256_Lg6	TT	TT	TT	TT	TT	TT	TT	TT	TT	TT	TT	TT	TT	TT	TT	TT	TT	TT	TT	TT	TT	TT	TT	TT	TT
MD_RosBREED_SNP_TG_3193686_Lg16	AC	AC	CC	CC	CC	AC	CC	CC	AC	CC	CC	CC	AC	AC	CC	CC	AC	CC	AC	AC	AC	AC	AC	AC	AC
MD_RosBREED_SNP_AT_135190_Lg1	TT	TT	TT	AA	AA	AT	AA	AA	TT	TT	TT	TT	TT	TT	TT	AA	AA	TT	AA	TT	AA	AA	TT	AT	TT
MD_RosBREED_SNP_CT_22507735_Lg6	AA	--	AG	GG	GG	AG	GG	--	--	AG	AA	GG	AG	AA	AG	GG	AG	AA	AG	AG	AG	AA	GG	GG	GG
MD_GDsnp00182	CC	CC	CC	CC	AC	AC	CC	CC	CC	CC	CC	CC	AC	CC	CC	CC	AC	CC	CC	CC	CC	CC	CC	AC	CC
MD_RosBREED_SNP_GA_32560116_Lg10	GG	GG	GG	GG	GG	GG	AG	AG	GG	GG	GG	AG	GG	GG	AA	GG	AG	GG	AG	GG	GG	GG	GG	GG	AA
MD_RosBREED_SNP_TC_28048830_Lg8	GG	GG	GG	GG	GG	GG	--	--	GG	--	GG	--	AG	GG	GG	--	GG	GG	GG	--	GG	GG	GG	GG	GG
MD_RosBREED_SNP_GA_92509_Lg6	AA	--	AA	AA	GG	AA	AG	AA	GG	GG	AA	AA	GG	AA	AA	GG	AA	GG	AA	--	AA	AG	GG	AG	--
MD_RosBREED_SNP_TC_15037669_Lg6	AA	AA	AG	AA	AA	AA	AG	--	AG	GG	AA	AG	AA	AG	AA	AG	AG	GG	AA	GG	AG	AA	AG	AG	AG
MD_RosBREED_SNP_CG_2304452_Lg16	CC	CG	CG	CG	CC	CC	CC	CG	CG	CC	CC	CC	CC	CG	CG	CG	CC	CC	CC	CG	CG	CG	GG	CG	CG
MD_RosBREED_SNP_CT_2745724_Lg16	AG	GG	GG	GG	GG	GG	GG	GG	GG	GG	GG	GG	GG	AG	GG	GG	GG	GG	GG	AG	AG	AG	AG	AG	GG
MD_RosBREED_SNP_AC_3334689_Lg16	AC	AA	CC	AA	AC	AC	AC	CC	AC	CC	AC	CC	AA	AC	CC	CC	AC	CC	AA	AA	CC	AC	AA	AA	AC
MD_RosBREED_SNP_GA_8165546_Lg3	AG	AG	AA	AG	GG	AG	GG	GG	AG	AG	AG	AG	GG	AG	GG	GG	AA	AA	AG	AA	AG	GG	AA	AG	AG
MD_RosBREED_SNP_CT_7539673_Lg5	AA	AA	AA	GG	AA	AA	AA	AA	AA	AA	AA	--	GG	AA	AA	AG	AG	AA	AG	AA	AA	AA	AA	AG	AA
MD_GDsnp02518	AC	CC	AC	AC	CC	AC	--	CC	AC	CC	CC	CC	AC	AA	CC	CC	CC	CC	CC	AC	AA	CC	AC	AC	CC
MD_RosBREED_SNP_GT_2274438_Lg16	AC	AC	--	AA	AA	CC	AA	AA	CC	AC	CC	AA	AA	AA	AA	AA	--	AC	AC	--	AC	AA	AA	AA	AA
MD_RosBREED_SNP_GC_94744_Lg13	CC	CC	CC	CC	CC	CC	CC	CC	CC	CC	CC	CC	CC	CC	CC	CC	CC	CC	CC	CC	CC	CC	CC	CC	CC
MD_RosBREED_SNP_AG_32970_Lg16	AA	AA	AA	AA	AG	AA	GG	AG	AG	GG	AA	AG	AA	AA	GG	AG	AA	AA	AA	AA	AA	AA	AA	AA	AG
MD_RosBREED_SNP_AC_23834728_Lg7	--	AA	AA	AA	AA	AA	AA	AC	AC	AA	AA	AA	AA	AA	AA	AA	AA	AC	AA	AA	AA	AA	AA	AA	AC
MD_RosBREED_SNP_CT_18163381_Lg12	GG	GG	GG	GG	GG	GG	AG	GG	GG	GG	GG	GG	GG	GG	GG	GG	GG	GG	GG	GG	GG	GG	GG	GG	GG
MD_RosBREED_SNP_AG_12002621_Lg16	AG	AG	AG	AG	AG	AG	AG	AA	AA	AA	AG	AG	AA	AA	AG	AA	AG	AA	GG	GG	AA	AA	AG	AG	AG
MD_RosBREED_SNP_AT_5663571_Lg17	AT	TT	TT	TT	TT	TT	TT	TT	TT	TT	TT	TT	TT	AT	TT	TT	TT	TT	TT	AT	TT	TT	AT	AT	TT
MD_RosBREED_SNP_AG_24138101_Lg2	--	--	--	AA	AA	--	--	AA	--	AA	--	--	AA	--	--	AA	--	--	--	--	--	--	--	--	AA
MD_RosBREED_SNP_AG_2065627_Lg16	AG	GG	AG	AA	AG	GG	GG	AG	GG	AG	AG	AG	AG	AG	AG	GG	--	AA	AG	GG	AG	AG	AG	AG	AG
MD_RosBREED_SNP_CT_38095646_Lg15	GG	GG	GG	GG	GG	GG	GG	GG	GG	GG	GG	GG	GG	GG	GG	GG	GG	GG	GG	GG	GG	GG	GG	GG	GG
MD_RosBREED_SNP_TC_30697_Lg14	AA	AA	AA	AA	AA	AA	AA	AA	AA	AA	AA	AA	AA	AA	AA	AA	AA	AA	AA	AA	AA	AA	AA	AA	AA
MD_RosBREED_SNP_AG_35365745_Lg1	GG	GG	AG	AA	AA	AG	AA	AG	AG	GG	AA	GG	AA	AA	AG	AA	AG	--	--	AG	AA	AA	GG	AG	--
MD_RosBREED_SNP_GC_7993210_Lg11	GG	CC	CG	GG	CC	CG	CC	GG	GG	CG	CG	CG	CC	CG	CC	CC	GG	CG	CG	CC	GG	CC	CG	CG	CC
MD_RosBREED_SNP_TC_7202016_Lg17	AG	AG	AG	AG	AA	AG	AA	AA	AA	AA	AA	AA	AA	AG	AA	AA	AG	AG	AA	AG	AA	AA	AG	AG	AA
MD_GDsnp00232	AG	AA	AA	--	AG	AA	GG	GG	AA	AG	AA	AG	AG	AA	GG	AG	AA	AG	--	AA	AA	GG	AA	AA	GG
MD_RosBREED_SNP_TC_1915882_Lg16	AG	GG	AG	AA	AG	AG	GG	AA	GG	AG	AG	AA	AG	AA	AA	AG	GG	AG	AG	AA	AA	--	AG	AG	--
MD_RosBREED_SNP_AG_16056477_Lg3	AA	GG	AA	AG	AG	AA	GG	--	GG	--	GG	AG	AG	AG	AA	AG	AG	AG	AG	AG	AG	AG	AG	AG	AG
MD_RosBREED_SNP_GA_24033995_Lg13	--	--	--	--	--	--	--	--	--	--	--	--	--	--	--	--	--	--	--	--	--	--	--	--	--
MD_RosBREED_SNP_GA_30036_Lg4	--	AG	GG	GG	AG	GG	GG	GG	AA	GG	AA	GG	GG	AG	GG	GG	GG	GG	GG	AA	AA	GG	AA	AG	AA
MD_RosBREED_SNP_GA_7049275_Lg9	AA	AA	AA	--	AA	AA	GG	AA	AA	AG	AA	GG	AA	AA	AA	AG	AA	AA	AA	AG	AA	AA	AA	AA	--
MD_RosBREED_SNP_GC_5600841_Lg9	CC	CC	CC	CC	CC	CC	CG	CC	CG	CC	CC	CC	CC	CC	CC	CC	CC	CC	CC	CC	CC	CC	CC	CC	CC
MD_RosBREED_SNP_GA_20320504_Lg2	GG	GG	GG	GG	GG	GG	AG	GG	AG	GG	GG	--	GG	GG	GG	GG	GG	GG	GG	GG	GG	GG	GG	GG	GG
MD_RosBREED_SNP_AG_22298896_Lg5	GG	AG	AG	AA	AA	AG	AA	AG	AA	AG	AG	GG	AA	AA	AA	AA	AG	AG	AG	GG	AG	AG	AG	AG	AG
MD_RosBREED_SNP_TG_15738487_Lg11	AA	AA	AA	--	AA	AA	AA	AA	--	AA	AA	AA	AA	AA	AA	AA	AA	--	--	AA	AA	AA	AA	AA	AA
MD_RosBREED_SNP_AG_3942532_Lg4	AA	AA	AA	AA	AA	AA	AA	AA	AA	AG	AA	AA	AG	AA	AA	AG	AA	AA	AA	AA	AA	AG	AG	AG	AA
MD_RosBREED_SNP_TG_23405001_Lg16	AC	AC	CC	AC	AC	AC	AC	CC	AA	AC	AC	AA	AA	AC	AC	CC	AC	CC	AA	AC	CC	AA	AC	AC	AC
MD_RosBREED_SNP_AT_2832608_Lg16	AT	AT	TT	AA	AA	AT	TT	AA	AT	AT	AT	AA	AT	AT	AA	AA	AT	TT	AT	AT	AT	AA	AT	AT	AT
MD_RosBREED_SNP_AC_14105701_Lg9	AC	CC	CC	CC	CC	AC	CC	AC	CC	AC	AC	AC	AC	CC	AA	CC	CC	CC	CC	CC	CC	AC	AC	AC	AC
MD_RosBREED_SNP_GA_27975536_Lg14	GG	GG	GG	GG	GG	GG	AG	GG	GG	GG	AG	AG	GG	GG	GG	GG	AG	GG	GG	AG	AG	GG	--	AG	GG
MD_RosBREED_SNP_AG_16086695_Lg13	AA	AA	AA	AA	AA	AA	AA	AA	AA	AA	AA	AA	AA	AA	AA	AA	AA	AA	AA	AA	AA	AA	AA	AA	AA
MD_RosBREED_SNP_CT_9329089_Lg14	GG	GG	GG	GG	AG	GG	AA	AG	GG	AG	AG	AG	GG	AG	AG	AA	AG	GG	AG	AG	AA	GG	AG	AG	AG
MD_RosBREED_SNP_AG_30023_Lg7	GG	GG	AG	GG	GG	GG	GG	GG	GG	GG	GG	GG	AG	GG	GG	GG	GG	GG	AG	AG	GG	GG	GG	GG	GG
MD_RosBREED_SNP_TC_30595771_Lg10	--	AA	GG	AG	AA	AG	GG	AG	GG	AG	AA	GG	AA	AA	AA	AA	AG	GG	AG	GG	AG	AG	AA	AA	AA
MD_GDsnp00091	AA	AG	AG	AA	AA	AG	GG	GG	GG	AG	AA	GG	AG	AG	GG	AG	AA	AG	AA	AA	AG	GG	AG	AG	GG
MD_RosBREED_SNP_GA_20993315_Lg17	GG	AA	AA	AA	GG	AG	AA	AA	GG	AG	GG	AA	AG	AG	AG	GG	AG	AA	AA	AA	GG	AG	AA	AG	AA
MD_RosBREED_SNP_AG_35182176_Lg15	AG	GG	AA	GG	GG	AG	GG	GG	GG	AA	AG	GG	AA	AG	AG	GG	AA	AA	AA	AG	AG	AG	GG	GG	GG
MD_RosBREED_SNP_TA_35072656_Lg8	TT	TT	AT	AT	TT	AT	TT	AA	TT	AT	TT	TT	AT	TT	AT	AA	AT	AT	TT	AA	TT	TT	TT	TT	AT
MD_RosBREED_SNP_TC_11987936_Lg4	AA	AA	AA	AA	AA	--	AG	AA	AA	AA	AG	--	AA	AA	AG	AA	AA	AA	AG	AG	AA	AA	AA	AA	AG
MD_RosBREED_SNP_AG_30660464_Lg6	--	--	--	--	AG	--	--	--	--	--	AG	--	--	--	AG	--	AA	AG	--	--	AA	--	--	--	--
MD_RosBREED_SNP_GA_34846029_Lg11	GG	GG	GG	GG	GG	GG	GG	GG	GG	GG	GG	GG	GG	GG	GG	GG	GG	GG	GG	GG	GG	GG	GG	GG	GG
MD_RosBREED_SNP_TC_30323313_Lg5	AG	AG	GG	AG	GG	AG	AG	GG	AG	GG	AG	GG	AG	AG	GG	GG	AG	GG	GG	AA	AG	GG	--	AG	GG
MD_RosBREED_SNP_AG_7763036_Lg6	AA	--	--	AA	--	AA	--	--	AA	AA	AA	--	AA	AA	AA	AA	--	--	AA	AA	AA	AA	AA	AA	AA
MD_RosBREED_SNP_TC_14052300_Lg1	AA	AA	AA	AA	AA	AA	AA	AG	AA	AG	AA	AA	AA	AA	AA	GG	AA	AA	AA	AA	AA	AA	AA	AA	AA
MD_RosBREED_SNP_TC_28055980_Lg1	--	--	--	--	--	--	AA	AA	--	--	AA	AA	AA	--	AA	--	AA	--	AA	AA	AA	AA	--	--	--
MD_RosBREED_SNP_AC_39662008_Lg13	AC	AC	CC	CC	CC	CC	AC	AA	AC	CC	CC	CC	AC	AC	AC	AC	CC	CC	CC	AC	AC	CC	CC	CC	CC
MD_RosBREED_SNP_CT_39835214_Lg3	GG	GG	GG	GG	AG	AG	GG	GG	GG	GG	AG	GG	GG	AG	GG	GG	GG	GG	GG	GG	GG	GG	GG	AG	GG
MD_GDsnp00318	AC	AC	CC	CC	AC	AC	AA	CC	CC	CC	AC	CC	AC	CC	AA	CC	AC	CC	CC	CC	CC	CC	CC	AC	AA
MD_RosBREED_SNP_AT_2450029_Lg16	AA	AA	AT	TT	AT	AT	TT	TT	AA	TT	AA	TT	AT	AT	TT	TT	AA	AT	AT	AA	AA	AA	TT	--	AT
MD_RosBREED_SNP_CT_60447_Lg3	GG	GG	AG	GG	GG	AG	AG	AG	GG	AG	GG	GG	GG	GG	GG	GG	GG	AG	GG	GG	GG	GG	GG	GG	GG
MD_RosBREED_SNP_GA_23598147_Lg5	GG	GG	GG	GG	GG	GG	GG	GG	GG	GG	GG	GG	GG	GG	GG	GG	GG	GG	GG	AG	GG	GG	GG	GG	GG
MD_RosBREED_SNP_AT_21021148_Lg14	AA	AA	AA	AA	AA	AA	AA	AA	AA	AA	AA	AA	AA	AA	AA	AA	AA	AA	AA	AA	AA	AA	AA	AA	AA
MD_RosBREED_SNP_CA_36256785_Lg12	AC	CC	AC	CC	CC	CC	CC	CC	CC	AC	CC	AC	CC	CC	CC	CC	CC	AC	CC	AC	CC	CC	CC	CC	CC
MD_RosBREED_SNP_GA_2865166_Lg16	GG	GG	GG	--	--	GG	--	--	GG	--	AG	--	GG	GG	--	--	AG	GG	GG	--	AG	GG	--	--	GG
MD_RosBREED_SNP_AG_21474059_Lg15	AA	AA	AA	AA	AA	AA	AA	AA	AA	AA	AA	AA	AA	AA	AA	AA	AA	AA	AA	AG	AA	AA	AA	AA	AA
MD_RosBREED_SNP_GA_41678_Lg5	--	GG	--	GG	GG	--	GG	--	GG	--	--	--	GG	--	GG	AG	--	--	GG	--	--	GG	GG	GG	GG
MD_RosBREED_SNP_GT_22408468_Lg10	CC	CC	CC	CC	CC	CC	CC	CC	CC	CC	CC	CC	CC	AC	CC	CC	CC	CC	CC	CC	CC	CC	CC	CC	CC
MD_RosBREED_SNP_GA_30021_Lg8	GG	GG	GG	GG	GG	GG	GG	GG	GG	GG	GG	AG	GG	GG	GG	GG	AA	GG	AA	AG	GG	GG	GG	GG	GG
MD_RosBREED_SNP_GT_14945861_Lg5	CC	CC	CC	CC	CC	CC	CC	CC	CC	CC	CC	CC	CC	CC	CC	CC	CC	CC	CC	CC	CC	CC	CC	CC	CC
MD_RosBREED_SNP_GC_14309366_Lg8	CG	CC	CG	CC	CC	CG	CC	CC	CC	CC	CG	CC	CC	CC	CC	CC	CG	CC	CG	CC	CC	CG	CC	CC	CG
MD_RosBREED_SNP_CG_28275744_Lg9	CC	CG	CC	CC	CC	CG	--	GG	CG	GG	CG	CC	CC	CC	GG	GG	CG	CG	CG	CG	CG	CG	CG	CG	GG
MD_RosBREED_SNP_AG_33107321_Lg1	AA	AA	AA	AA	AA	AA	GG	AA	AA	AA	AA	AA	AA	AA	AA	AA	AA	AA	AA	AG	AA	AA	AA	AA	AA
MD_RosBREED_SNP_GA_32059435_Lg2	AA	AA	AA	AA	AA	AA	AA	AA	AA	AA	AA	AA	AA	AA	AA	AA	AA	AA	AA	AA	AA	AA	AA	AA	AA
MD_RosBREED_SNP_TA_2157089_Lg16	TT	TT	TT	TT	TT	TT	TT	TT	TT	TT	TT	TT	TT	AA	TT	TT	TT	TT	TT	TT	TT	TT	TT	TT	TT
MD_RosBREED_SNP_TC_16006538_Lg2	AG	AA	AA	AG	AA	AA	AA	AA	AA	AA	AA	AA	AA	AG	AA	AA	AA	AA	AA	AG	AA	AA	AG	AG	AA
MD_RosBREED_SNP_GT_40148441_Lg2	CC	AC	CC	CC	CC	CC	CC	--	CC	CC	CC	CC	CC	CC	CC	AC	AC	CC	CC	CC	AC	CC	CC	CC	CC
MD_RosBREED_SNP_TC_6024266_Lg16	GG	GG	GG	GG	GG	GG	GG	GG	GG	GG	GG	GG	GG	GG	GG	GG	GG	GG	GG	GG	GG	GG	GG	GG	GG
MD_RosBREED_SNP_TC_8048122_Lg7	GG	GG	GG	AA	AA	GG	GG	GG	GG	GG	--	--	AA	GG	--	AA	--	AA	--	AG	--	GG	GG	GG	--
MD_RosBREED_SNP_GT_21216802_Lg9	AC	AA	CC	CC	CC	CC	AC	AC	AC	AC	CC	AC	CC	AC	AC	CC	CC	AC	CC	CC	CC	CC	CC	CC	AA
MD_RosBREED_SNP_CG_24100325_Lg3	CC	CG	--	GG	CC	--	CC	CC	CC	CG	CG	CC	CC	CC	CG	--	GG	GG	GG	CG	CG	CC	CC	CC	CG
MD_RosBREED_SNP_AG_38145315_Lg10	AG	AG	AG	AG	AG	AG	GG	GG	AG	GG	AG	AG	AG	GG	AG	AG	AG	AG	AG	AG	AG	AG	AG	AG	AG
MD_RosBREED_SNP_GA_27113611_Lg17	GG	GG	GG	GG	GG	GG	GG	GG	GG	AG	GG	AA	GG	GG	GG	GG	GG	GG	GG	GG	GG	GG	GG	GG	AG
MD_RosBREED_SNP_CT_30187_Lg11	AA	AA	AA	AG	AG	AG	GG	AA	GG	AA	AA	AG	AG	AA	AA	AA	AA	AA	AA	AA	AG	AG	--	AG	AA
MD_RosBREED_SNP_AG_24287312_Lg11	AG	AA	AA	GG	AA	--	AA	GG	AG	GG	GG	AG	AG	AG	GG	GG	AA	GG	GG	AA	GG	AA	AG	AG	AA
MD_RosBREED_SNP_TC_32129472_Lg3	AA	AG	AA	AG	AA	AA	GG	GG	AG	AA	AA	GG	AA	AA	AA	AA	AG	AA	AG	AG	AA	AG	AA	AA	AG
MD_RosBREED_SNP_GT_30185_Lg15	CC	CC	CC	CC	CC	CC	AC	CC	CC	CC	CC	CC	CC	CC	CC	CC	CC	CC	CC	CC	CC	CC	CC	CC	AC
MD_RosBREED_SNP_CG_32118628_Lg11	CG	CG	GG	CG	CC	CG	CC	GG	GG	CG	CG	GG	CC	GG	CG	CG	CG	GG	CC	GG	GG	GG	GG	CG	CC
MD_RosBREED_SNP_CA_3007726_Lg16	AA	CC	CC	CC	CC	CC	AA	AA	AA	AA	AA	AA	CC	AA	AC	AA	AA	CC	CC	--	AA	AA	CC	CC	AA
MD_RosBREED_SNP_GT_13349351_Lg14	CC	CC	CC	CC	CC	CC	CC	CC	CC	CC	CC	AC	CC	CC	CC	CC	CC	CC	CC	CC	CC	CC	CC	CC	CC
MD_RosBREED_SNP_TC_111521_Lg2	AG	AG	AG	GG	AG	AG	GG	GG	AG	GG	AG	AG	AG	AG	GG	GG	AG	AG	AG	AG	AG	AG	AG	AG	AG
MD_RosBREED_SNP_AT_2715714_Lg16	AT	TT	TT	TT	AT	TT	AT	--	AT	AT	TT	TT	--	TT	TT	--	TT	TT	TT	--	AT	TT	TT	--	TT
MD_RosBREED_SNP_GC_14001120_Lg14	GG	GG	GG	GG	GG	GG	CG	GG	GG	GG	GG	CC	GG	GG	GG	GG	GG	GG	GG	GG	GG	--	GG	GG	GG
MD_RosBREED_SNP_GA_408427_Lg3	GG	GG	GG	GG	GG	GG	GG	GG	GG	GG	GG	GG	GG	GG	GG	GG	GG	GG	GG	GG	GG	AG	GG	GG	GG
MD_RosBREED_SNP_GT_248882_Lg16	CC	CC	CC	CC	CC	CC	AC	CC	CC	CC	CC	CC	CC	AC	CC	CC	CC	CC	CC	AC	CC	CC	CC	CC	CC
MD_RosBREED_SNP_CT_28862853_Lg12	GG	AA	GG	GG	GG	AA	GG	GG	GG	GG	AA	GG	GG	GG	AA	GG	AA	GG	GG	GG	AA	AA	AA	AA	AA
MD_RosBREED_SNP_AC_2593090_Lg16	AC	AC	AC	CC	CC	AA	AA	CC	AC	CC	AC	CC	AC	CC	CC	CC	AC	AC	AC	AC	CC	CC	CC	AC	AC
MD_RosBREED_SNP_CT_38118641_Lg13	GG	GG	GG	GG	GG	GG	--	GG	GG	GG	GG	--	GG	GG	GG	GG	GG	GG	GG	GG	GG	GG	GG	GG	GG
MD_RosBREED_SNP_CT_18330692_Lg4	GG	GG	GG	GG	GG	GG	GG	GG	GG	GG	GG	GG	GG	GG	GG	GG	GG	GG	GG	GG	GG	GG	GG	GG	GG
MD_RosBREED_SNP_TC_7275449_Lg12	AA	AA	GG	AA	AA	AG	AA	AA	AA	AA	AA	AA	AA	AA	AA	AA	GG	AG	AG	AG	AA	AA	AA	AA	AG
MD_GDsnp20004	AT	AA	AA	TT	AT	AA	AA	TT	AA	AT	AA	TT	AT	TT	TT	AT	AA	AT	AT	--	AT	AT	TT	AT	AT
MD_RosBREED_SNP_CT_107415_Lg9	GG	GG	GG	GG	GG	GG	GG	GG	GG	GG	GG	GG	GG	GG	GG	GG	GG	GG	GG	GG	GG	GG	GG	GG	GG
MD_RosBREED_SNP_CT_34005032_Lg14	AG	AG	AG	GG	GG	AG	GG	GG	GG	AG	AG	GG	GG	GG	GG	GG	AG	AG	GG	GG	GG	GG	GG	GG	GG
MD_RosBREED_SNP_CT_2348399_Lg6	GG	GG	GG	GG	GG	GG	GG	GG	GG	GG	GG	GG	GG	GG	GG	GG	GG	GG	GG	GG	GG	GG	GG	GG	GG
MD_RosBREED_SNP_TC_16098536_Lg7	AG	AG	AA	--	AA	AA	AG	AG	AG	AG	AA	AA	AA	AA	AA	AA	AA	AA	--	AG	--	AA	AG	AG	AG
MD_RosBREED_SNP_AC_6041176_Lg4	AC	AC	AC	AC	AC	AC	AC	AC	AC	AC	AC	AC	AC	AC	AC	AC	AC	AC	AC	AC	AC	AC	AC	AC	AC
MD_RosBREED_SNP_AG_12852476_Lg1	AA	AA	AG	AG	AA	AA	AA	AG	AA	AA	AA	AG	AG	AA	AG	AA	AG	GG	AG	AG	AA	AG	AA	AA	GG
MD_RosBREED_SNP_GA_55718984_Lg15	AG	--	AG	GG	AG	AG	AA	GG	--	GG	AG	AA	GG	AA	GG	AG	GG	AG	GG	GG	GG	--	GG	AG	GG
MD_RosBREED_SNP_AG_7021751_Lg14	GG	GG	GG	AA	AG	GG	AG	GG	GG	GG	AG	GG	AG	AG	GG	AG	AG	GG	GG	GG	AG	GG	AG	AG	GG
MD_RosBREED_SNP_TC_3297840_Lg16	AG	AA	GG	AA	AG	AG	AG	AG	AG	GG	AG	GG	AA	AG	GG	AA	AG	GG	AA	AA	AG	AG	AA	AA	AG
MD_RosBREED_SNP_CT_31019_Lg12	GG	AG	AA	GG	AG	AG	AA	AG	AG	GG	GG	AG	GG	AG	AG	AG	GG	AA	GG	GG	GG	GG	AG	AG	GG
MD_RosBREED_SNP_AG_2895270_Lg16	AA	AA	AA	AA	AG	AA	AG	AA	AG	AG	AG	AA	AA	AA	AA	AG	AG	AA	AA	AG	AG	AA	AA	AA	AA
MD_RosBREED_SNP_TA_15178179_Lg10	AA	AA	AA	AA	AA	AA	AA	AA	AA	AA	AA	AA	AA	AA	AA	AA	AA	AA	AA	AA	AA	AA	AA	AA	AA
MD_RosBREED_SNP_AG_16361486_Lg8	AA	AG	AG	AG	AA	AA	GG	GG	AG	AA	AA	AG	AG	AG	AG	GG	AA	GG	AA	AG	AG	AA	GG	AG	AA
MD_RosBREED_SNP_AG_35914514_Lg9	AA	GG	AG	AG	AG	AG	AA	AA	AA	AA	AG	AA	AG	AA	AA	AA	AA	GG	AG	GG	AG	AA	AA	AA	AA
MD_RosBREED_SNP_CT_37335835_Lg5	GG	GG	--	GG	GG	GG	--	GG	GG	GG	GG	AA	GG	AG	GG	GG	GG	GG	GG	AG	AG	GG	GG	GG	GG
MD_RosBREED_SNP_TA_2815174_Lg16	AA	AA	AA	AA	AA	AA	--	AA	--	AA	--	AA	AA	AA	AA	AA	--	AA	AA	--	--	AA	AA	AA	AA
MD_RosBREED_SNP_GC_27944641_Lg15	CG	GG	CC	--	GG	CC	--	CC	GG	--	GG	GG	CC	GG	--	CG	CC	CC	CC	--	GG	CG	GG	GG	--
MD_RosBREED_SNP_TA_20682254_Lg10	AT	AA	AA	AA	AA	AT	TT	TT	AA	TT	AA	AT	--	AA	AT	AA	AA	AA	AA	AA	AA	AA	AT	AT	AT
MD_RosBREED_SNP_CT_32097957_Lg13	GG	GG	GG	GG	GG	GG	GG	GG	GG	GG	GG	GG	GG	GG	GG	GG	GG	GG	GG	GG	GG	GG	GG	GG	GG
MD_RosBREED_SNP_AG_64597_Lg10	AA	AA	AA	AA	AA	AA	AA	AA	AA	AA	AA	AA	AA	AA	AA	AA	AA	AA	AG	AA	AA	AA	AA	AA	AA
MD_RosBREED_SNP_AC_9950684_Lg3	AA	AA	--	AA	AA	--	AA	AA	AA	AA	--	AA	AA	AA	--	--	AA	--	AA	AA	--	AA	AA	AA	AA
MD_RosBREED_SNP_TG_14005103_Lg17	AC	AC	AC	AA	CC	AA	AC	AC	AA	AC	AA	AC	AC	AC	CC	CC	AA	AC	AC	AA	AC	CC	AA	AA	AC
MD_RosBREED_SNP_AC_14038748_Lg15	AC	AA	CC	AC	AC	CC	CC	CC	AA	AC	CC	CC	AC	AC	CC	AC	CC	CC	CC	AC	CC	CC	CC	CC	CC
MD_RosBREED_SNP_TC_21305091_Lg15	GG	GG	GG	AG	--	GG	GG	AG	GG	AG	GG	GG	GG	AG	GG	AG	AG	GG	GG	GG	GG	AG	AG	AG	AG
MD_RosBREED_SNP_AG_989405_Lg9	AA	AA	AA	AA	AA	AA	AA	AA	AA	AA	AA	AA	AA	AA	AA	AA	AA	AA	AA	AG	AA	AA	AA	AA	AA
MD_RosBREED_SNP_GA_21608122_Lg12	AG	GG	GG	AG	AG	AG	GG	AG	GG	GG	AG	AG	GG	GG	GG	AG	AA	GG	AG	AG	GG	AG	AG	AG	GG
MD_RosBREED_SNP_AT_7053321_Lg15	TT	TT	TT	TT	TT	TT	TT	TT	TT	TT	TT	TT	TT	TT	TT	TT	TT	TT	TT	TT	TT	TT	TT	TT	TT
MD_RosBREED_SNP_AG_7249592_Lg1	AG	GG	AA	AG	AA	AG	AG	AG	GG	GG	AG	GG	AG	GG	GG	AA	GG	AG	GG	GG	AG	AA	AG	AG	GG
MD_RosBREED_SNP_TC_2419416_Lg16	AG	AA	AA	GG	AG	AA	AA	AA	AA	AA	AA	AG	AG	AG	AG	AA	AA	AG	AG	AA	AG	AG	AG	AG	AA
MD_RosBREED_SNP_AT_29959065_Lg7	TT	TT	TT	TT	TT	TT	TT	AT	TT	TT	TT	TT	TT	TT	TT	AT	TT	TT	TT	TT	TT	TT	TT	TT	TT
MD_RosBREED_SNP_AT_8004473_Lg13	AA	AA	AA	TT	AA	AA	AA	TT	AA	TT	AA	AA	AA	AA	AA	TT	AA	AA	TT	AA	AA	AA	AA	AA	AA
MD_RosBREED_SNP_AG_49031915_Lg15	AG	AA	AA	AA	AG	AG	GG	AA	AA	GG	AG	GG	AG	AA	AA	AG	AA	AA	AA	AA	AA	GG	AA	AA	AA
MD_RosBREED_SNP_TC_3303558_Lg16	AA	AA	AA	AA	AA	AA	AG	GG	AG	AG	AG	GG	AA	AG	AG	AG	AA	AA	AA	AG	GG	AG	AA	AA	AG
MD_GDsnp01281	AG	AG	GG	AG	AG	AG	GG	AG	AA	GG	AG	AG	AG	GG	GG	AG	AG	GG	AA	GG	AG	AG	GG	GG	GG
MD_RosBREED_SNP_AG_7529469_Lg10	AA	AA	AA	AA	AA	AA	AA	AA	AA	AA	AA	AA	AA	AA	AA	AA	AA	AA	AA	AA	AA	AA	AA	AA	AA
MD_RosBREED_SNP_GA_31135974_Lg7	GG	GG	AG	GG	AG	GG	GG	GG	AG	GG	GG	GG	GG	GG	GG	GG	GG	AG	GG	AA	AG	AG	GG	GG	GG
MD_GDsnp01055	GG	AA	AG	AG	AG	AG	GG	AA	AA	GG	GG	GG	AG	AG	AG	GG	AA	AG	AG	AG	GG	AA	AG	AG	AA
MD_RosBREED_SNP_CT_7022178_Lg8	GG	GG	GG	GG	GG	GG	GG	GG	GG	GG	GG	GG	GG	GG	GG	GG	GG	GG	GG	GG	GG	GG	GG	GG	GG
